Name,Latin Name,Description URL,Image URL
"Eponge-mamelles rose
Aaptos papillata",Aaptos papillata,https://doris.ffessm.frhttps://doris.ffessm.fr/Especes/Aaptos-papillata-Eponge-mamelles-rose-3504/(rOffset)/0,https://doriscdn.ffessm.fr/var/doris/storage/images/images/demi-sphere-globuleuse-37358/311873-1-fre-FR/aaptos_papillata-cq-011_forumHomeCard.jpg
"Abatus des Kerguelen
Abatus cordatus",Abatus cordatus,https://doris.ffessm.frhttps://doris.ffessm.fr/Especes/Abatus-cordatus-Abatus-des-Kerguelen-4287/(rOffset)/1,https://doriscdn.ffessm.fr/var/doris/storage/images/images/abatus_cordatus_jpfe00/2713190-4-fre-FR/abatus_cordatus_jpfe00_forumHomeCard.jpg
"Hydraire-sapin
Abietinaria abietina",Abietinaria abietina,https://doris.ffessm.frhttps://doris.ffessm.fr/Especes/Abietinaria-abietina-Hydraire-sapin-2676/(rOffset)/2,https://doriscdn.ffessm.fr/var/doris/storage/images/images/hydraires-sapin-en-touffe-29841/251737-1-fre-FR/abietinaria-abietina-sas1.JPG1_forumHomeCard.jpg
"Poisson-guêpe cacatoès
Ablabys taenianotus",Ablabys taenianotus,https://doris.ffessm.frhttps://doris.ffessm.fr/Especes/Ablabys-taenianotus-Poisson-guepe-cacatoes-4139/(rOffset)/3,https://doriscdn.ffessm.fr/var/doris/storage/images/images/ablabys_taenianotus-01/2383119-1-fre-FR/ablabys_taenianotus-01_forumHomeCard.jpg
"Brème commune
Abramis brama",Abramis brama,https://doris.ffessm.frhttps://doris.ffessm.fr/Especes/Abramis-brama-Breme-commune-237/(rOffset)/4,https://doriscdn.ffessm.fr/var/doris/storage/images/images/identification-17140/150129-1-fre-FR/abramis_brama-11_forumHomeCard.jpg
"Abrolophe à pattes rouges
Abrolophus rubipes",Abrolophus rubipes,https://doris.ffessm.frhttps://doris.ffessm.fr/Especes/Abrolophus-rubipes-Abrolophe-a-pattes-rouges-5675/(rOffset)/5,https://doriscdn.ffessm.fr/var/doris/storage/images/images/abrolophus_rubipes_qc_01/18765455-1-fre-FR/Abrolophus_rubipes_qc_01_forumHomeCard.jpg
"Sergent-major du Natal
Abudefduf natalensis",Abudefduf natalensis,https://doris.ffessm.frhttps://doris.ffessm.fr/Especes/Abudefduf-natalensis-Sergent-major-du-Natal-2107/(rOffset)/6,https://doriscdn.ffessm.fr/var/doris/storage/images/images/caracteristiques-26736/226897-1-fre-FR/abudefduf_natalensis-slb11_forumHomeCard.jpg
"Sergent à queue jaune
Abudefduf notatus",Abudefduf notatus,https://doris.ffessm.frhttps://doris.ffessm.fr/Especes/Abudefduf-notatus-Sergent-a-queue-jaune-3666/(rOffset)/7,https://doriscdn.ffessm.fr/var/doris/storage/images/images/a-mayotte-38564/321521-1-fre-FR/abudefduf-notatus_jms11_forumHomeCard.jpg
"Sergent-major des Antilles
Abudefduf saxatilis",Abudefduf saxatilis,https://doris.ffessm.frhttps://doris.ffessm.fr/Especes/Abudefduf-saxatilis-Sergent-major-des-Antilles-2394/(rOffset)/8,https://doriscdn.ffessm.fr/var/doris/storage/images/images/specimen-representatif-29630/250049-1-fre-FR/abudefduf_saxatilis-vl21_forumHomeCard.jpg
"Sergent-major à bandes
Abudefduf septemfasciatus",Abudefduf septemfasciatus,https://doris.ffessm.frhttps://doris.ffessm.fr/Especes/Abudefduf-septemfasciatus-Sergent-major-a-bandes-1109/(rOffset)/9,https://doriscdn.ffessm.fr/var/doris/storage/images/images/sacre-caractere-26659/226281-1-fre-FR/abudefduf_septemfasciatus-slb11_forumHomeCard.jpg
"Sergent-major à queue en ciseaux
Abudefduf sexfasciatus",Abudefduf sexfasciatus,https://doris.ffessm.frhttps://doris.ffessm.fr/Especes/Abudefduf-sexfasciatus-Sergent-major-a-queue-en-ciseaux-2106/(rOffset)/10,https://doriscdn.ffessm.fr/var/doris/storage/images/images/caracteristiques-26735/226889-1-fre-FR/abudefduf_sexfasciatus-slb11_forumHomeCard.jpg
"Sergent-major à tache noire
Abudefduf sordidus",Abudefduf sordidus,https://doris.ffessm.frhttps://doris.ffessm.fr/Especes/Abudefduf-sordidus-Sergent-major-a-tache-noire-2108/(rOffset)/11,https://doriscdn.ffessm.fr/var/doris/storage/images/images/couronne-26737/226905-1-fre-FR/abudefduf_sordidus-slb11_forumHomeCard.jpg
"Sergent-major à tache ovale
Abudefduf sparoides",Abudefduf sparoides,https://doris.ffessm.frhttps://doris.ffessm.fr/Especes/Abudefduf-sparoides-Sergent-major-a-tache-ovale-2105/(rOffset)/12,https://doriscdn.ffessm.fr/var/doris/storage/images/images/sans-bande-26734/226881-1-fre-FR/abudefduf_sparoides-pb31_forumHomeCard.jpg
"Sergent-major de nuit
Abudefduf taurus",Abudefduf taurus,https://doris.ffessm.frhttps://doris.ffessm.fr/Especes/Abudefduf-taurus-Sergent-major-de-nuit-4051/(rOffset)/13,https://doriscdn.ffessm.fr/var/doris/storage/images/images/specimen-representatif/2230321-1-fre-FR/Specimen-representatif_forumHomeCard.jpg
"Poisson-bagnard
Abudefduf vaigiensis",Abudefduf vaigiensis,https://doris.ffessm.frhttps://doris.ffessm.fr/Especes/Abudefduf-vaigiensis-Poisson-bagnard-2109/(rOffset)/14,https://doriscdn.ffessm.fr/var/doris/storage/images/images/voila-les-dalton-26842/227745-1-fre-FR/abudefduf_vaigiensis-yg11_forumHomeCard.jpg
"Sergent-major de Whitley
Abudefduf whitleyi",Abudefduf whitleyi,https://doris.ffessm.frhttps://doris.ffessm.fr/Especes/Abudefduf-whitleyi-Sergent-major-de-Whitley-3354/(rOffset)/15,https://doriscdn.ffessm.fr/var/doris/storage/images/images/avec-une-queue-noire-39165/326329-1-fre-FR/abudefduf_whitleyi-slb11_forumHomeCard.jpg
"Acanthaster à piquants courts
Acanthaster brevispinus",Acanthaster brevispinus,https://doris.ffessm.frhttps://doris.ffessm.fr/Especes/Acanthaster-brevispinus-Acanthaster-a-piquants-courts-4332/(rOffset)/16,https://doriscdn.ffessm.fr/var/doris/storage/images/images/acanthaster_brevispinus-slb21180/3017950-2-fre-FR/acanthaster_brevispinus-slb21180_forumHomeCard.jpg
"Couronne dՎpines
Acanthaster planci",Acanthaster planci,https://doris.ffessm.frhttps://doris.ffessm.fr/Especes/Acanthaster-planci-Couronne-d-epines-827/(rOffset)/17,https://doriscdn.ffessm.fr/var/doris/storage/images/images/acanthaster-planci_2/174865-1-fre-FR/acanthaster-planci_2_forumHomeCard.jpg
"Eponge épineuse orange
Acanthella acuta",Acanthella acuta,https://doris.ffessm.frhttps://doris.ffessm.fr/Especes/Acanthella-acuta-Eponge-epineuse-orange-1675/(rOffset)/18,https://doriscdn.ffessm.fr/var/doris/storage/images/images/aspect-de-cactus-28600/241809-1-fre-FR/acanthella_acuta-gd-011_forumHomeCard.jpg
"Blennie-secrétaire
Acanthemblemaria maria",Acanthemblemaria maria,https://doris.ffessm.frhttps://doris.ffessm.fr/Especes/Acanthemblemaria-maria-Blennie-secretaire-2588/(rOffset)/19,https://doriscdn.ffessm.fr/var/doris/storage/images/images/bonjour-!-29558/249473-1-fre-FR/acanthemblemaria_maria-jms11_forumHomeCard.jpg
"Blennie-tube naine
Acanthemblemaria spinosa",Acanthemblemaria spinosa,https://doris.ffessm.frhttps://doris.ffessm.fr/Especes/Acanthemblemaria-spinosa-Blennie-tube-naine-660/(rOffset)/20,https://doriscdn.ffessm.fr/var/doris/storage/images/images/sortie-de-son-trou-28984/244881-1-fre-FR/acanthemblemaria_spinosa_ap11_forumHomeCard.jpg
"Eponge-mamelles rose
Aaptos papillata",Aaptos papillata,https://doris.ffessm.frhttps://doris.ffessm.fr/Especes/Aaptos-papillata-Eponge-mamelles-rose-3504/(rOffset)/0,https://doriscdn.ffessm.fr/var/doris/storage/images/images/demi-sphere-globuleuse-37358/311873-1-fre-FR/aaptos_papillata-cq-011_forumHomeCard.jpg
"Abatus des Kerguelen
Abatus cordatus",Abatus cordatus,https://doris.ffessm.frhttps://doris.ffessm.fr/Especes/Abatus-cordatus-Abatus-des-Kerguelen-4287/(rOffset)/1,https://doriscdn.ffessm.fr/var/doris/storage/images/images/abatus_cordatus_jpfe00/2713190-4-fre-FR/abatus_cordatus_jpfe00_forumHomeCard.jpg
"Hydraire-sapin
Abietinaria abietina",Abietinaria abietina,https://doris.ffessm.frhttps://doris.ffessm.fr/Especes/Abietinaria-abietina-Hydraire-sapin-2676/(rOffset)/2,https://doriscdn.ffessm.fr/var/doris/storage/images/images/hydraires-sapin-en-touffe-29841/251737-1-fre-FR/abietinaria-abietina-sas1.JPG1_forumHomeCard.jpg
"Poisson-guêpe cacatoès
Ablabys taenianotus",Ablabys taenianotus,https://doris.ffessm.frhttps://doris.ffessm.fr/Especes/Ablabys-taenianotus-Poisson-guepe-cacatoes-4139/(rOffset)/3,https://doriscdn.ffessm.fr/var/doris/storage/images/images/ablabys_taenianotus-01/2383119-1-fre-FR/ablabys_taenianotus-01_forumHomeCard.jpg
"Brème commune
Abramis brama",Abramis brama,https://doris.ffessm.frhttps://doris.ffessm.fr/Especes/Abramis-brama-Breme-commune-237/(rOffset)/4,https://doriscdn.ffessm.fr/var/doris/storage/images/images/identification-17140/150129-1-fre-FR/abramis_brama-11_forumHomeCard.jpg
"Abrolophe à pattes rouges
Abrolophus rubipes",Abrolophus rubipes,https://doris.ffessm.frhttps://doris.ffessm.fr/Especes/Abrolophus-rubipes-Abrolophe-a-pattes-rouges-5675/(rOffset)/5,https://doriscdn.ffessm.fr/var/doris/storage/images/images/abrolophus_rubipes_qc_01/18765455-1-fre-FR/Abrolophus_rubipes_qc_01_forumHomeCard.jpg
"Sergent-major du Natal
Abudefduf natalensis",Abudefduf natalensis,https://doris.ffessm.frhttps://doris.ffessm.fr/Especes/Abudefduf-natalensis-Sergent-major-du-Natal-2107/(rOffset)/6,https://doriscdn.ffessm.fr/var/doris/storage/images/images/caracteristiques-26736/226897-1-fre-FR/abudefduf_natalensis-slb11_forumHomeCard.jpg
"Sergent à queue jaune
Abudefduf notatus",Abudefduf notatus,https://doris.ffessm.frhttps://doris.ffessm.fr/Especes/Abudefduf-notatus-Sergent-a-queue-jaune-3666/(rOffset)/7,https://doriscdn.ffessm.fr/var/doris/storage/images/images/a-mayotte-38564/321521-1-fre-FR/abudefduf-notatus_jms11_forumHomeCard.jpg
"Sergent-major des Antilles
Abudefduf saxatilis",Abudefduf saxatilis,https://doris.ffessm.frhttps://doris.ffessm.fr/Especes/Abudefduf-saxatilis-Sergent-major-des-Antilles-2394/(rOffset)/8,https://doriscdn.ffessm.fr/var/doris/storage/images/images/specimen-representatif-29630/250049-1-fre-FR/abudefduf_saxatilis-vl21_forumHomeCard.jpg
"Sergent-major à bandes
Abudefduf septemfasciatus",Abudefduf septemfasciatus,https://doris.ffessm.frhttps://doris.ffessm.fr/Especes/Abudefduf-septemfasciatus-Sergent-major-a-bandes-1109/(rOffset)/9,https://doriscdn.ffessm.fr/var/doris/storage/images/images/sacre-caractere-26659/226281-1-fre-FR/abudefduf_septemfasciatus-slb11_forumHomeCard.jpg
"Sergent-major à queue en ciseaux
Abudefduf sexfasciatus",Abudefduf sexfasciatus,https://doris.ffessm.frhttps://doris.ffessm.fr/Especes/Abudefduf-sexfasciatus-Sergent-major-a-queue-en-ciseaux-2106/(rOffset)/10,https://doriscdn.ffessm.fr/var/doris/storage/images/images/caracteristiques-26735/226889-1-fre-FR/abudefduf_sexfasciatus-slb11_forumHomeCard.jpg
"Sergent-major à tache noire
Abudefduf sordidus",Abudefduf sordidus,https://doris.ffessm.frhttps://doris.ffessm.fr/Especes/Abudefduf-sordidus-Sergent-major-a-tache-noire-2108/(rOffset)/11,https://doriscdn.ffessm.fr/var/doris/storage/images/images/couronne-26737/226905-1-fre-FR/abudefduf_sordidus-slb11_forumHomeCard.jpg
"Sergent-major à tache ovale
Abudefduf sparoides",Abudefduf sparoides,https://doris.ffessm.frhttps://doris.ffessm.fr/Especes/Abudefduf-sparoides-Sergent-major-a-tache-ovale-2105/(rOffset)/12,https://doriscdn.ffessm.fr/var/doris/storage/images/images/sans-bande-26734/226881-1-fre-FR/abudefduf_sparoides-pb31_forumHomeCard.jpg
"Sergent-major de nuit
Abudefduf taurus",Abudefduf taurus,https://doris.ffessm.frhttps://doris.ffessm.fr/Especes/Abudefduf-taurus-Sergent-major-de-nuit-4051/(rOffset)/13,https://doriscdn.ffessm.fr/var/doris/storage/images/images/specimen-representatif/2230321-1-fre-FR/Specimen-representatif_forumHomeCard.jpg
"Poisson-bagnard
Abudefduf vaigiensis",Abudefduf vaigiensis,https://doris.ffessm.frhttps://doris.ffessm.fr/Especes/Abudefduf-vaigiensis-Poisson-bagnard-2109/(rOffset)/14,https://doriscdn.ffessm.fr/var/doris/storage/images/images/voila-les-dalton-26842/227745-1-fre-FR/abudefduf_vaigiensis-yg11_forumHomeCard.jpg
"Sergent-major de Whitley
Abudefduf whitleyi",Abudefduf whitleyi,https://doris.ffessm.frhttps://doris.ffessm.fr/Especes/Abudefduf-whitleyi-Sergent-major-de-Whitley-3354/(rOffset)/15,https://doriscdn.ffessm.fr/var/doris/storage/images/images/avec-une-queue-noire-39165/326329-1-fre-FR/abudefduf_whitleyi-slb11_forumHomeCard.jpg
"Acanthaster à piquants courts
Acanthaster brevispinus",Acanthaster brevispinus,https://doris.ffessm.frhttps://doris.ffessm.fr/Especes/Acanthaster-brevispinus-Acanthaster-a-piquants-courts-4332/(rOffset)/16,https://doriscdn.ffessm.fr/var/doris/storage/images/images/acanthaster_brevispinus-slb21180/3017950-2-fre-FR/acanthaster_brevispinus-slb21180_forumHomeCard.jpg
"Couronne dՎpines
Acanthaster planci",Acanthaster planci,https://doris.ffessm.frhttps://doris.ffessm.fr/Especes/Acanthaster-planci-Couronne-d-epines-827/(rOffset)/17,https://doriscdn.ffessm.fr/var/doris/storage/images/images/acanthaster-planci_2/174865-1-fre-FR/acanthaster-planci_2_forumHomeCard.jpg
"Eponge épineuse orange
Acanthella acuta",Acanthella acuta,https://doris.ffessm.frhttps://doris.ffessm.fr/Especes/Acanthella-acuta-Eponge-epineuse-orange-1675/(rOffset)/18,https://doriscdn.ffessm.fr/var/doris/storage/images/images/aspect-de-cactus-28600/241809-1-fre-FR/acanthella_acuta-gd-011_forumHomeCard.jpg
"Blennie-secrétaire
Acanthemblemaria maria",Acanthemblemaria maria,https://doris.ffessm.frhttps://doris.ffessm.fr/Especes/Acanthemblemaria-maria-Blennie-secretaire-2588/(rOffset)/19,https://doriscdn.ffessm.fr/var/doris/storage/images/images/bonjour-!-29558/249473-1-fre-FR/acanthemblemaria_maria-jms11_forumHomeCard.jpg
"Blennie-tube naine
Acanthemblemaria spinosa",Acanthemblemaria spinosa,https://doris.ffessm.frhttps://doris.ffessm.fr/Especes/Acanthemblemaria-spinosa-Blennie-tube-naine-660/(rOffset)/20,https://doriscdn.ffessm.fr/var/doris/storage/images/images/sortie-de-son-trou-28984/244881-1-fre-FR/acanthemblemaria_spinosa_ap11_forumHomeCard.jpg
